-- MySQL dump 10.13  Distrib 5.6.10, for Win64 (x86_64)
--
-- Host: localhost    Database: inventario
-- ------------------------------------------------------
-- Server version	5.5.5-10.4.11-MariaDB

/*!40101 SET @OLD_CHARACTER_SET_CLIENT=@@CHARACTER_SET_CLIENT */;
/*!40101 SET @OLD_CHARACTER_SET_RESULTS=@@CHARACTER_SET_RESULTS */;
/*!40101 SET @OLD_COLLATION_CONNECTION=@@COLLATION_CONNECTION */;
/*!40101 SET NAMES utf8 */;
/*!40103 SET @OLD_TIME_ZONE=@@TIME_ZONE */;
/*!40103 SET TIME_ZONE='+00:00' */;
/*!40014 SET @OLD_UNIQUE_CHECKS=@@UNIQUE_CHECKS, UNIQUE_CHECKS=0 */;
/*!40014 SET @OLD_FOREIGN_KEY_CHECKS=@@FOREIGN_KEY_CHECKS, FOREIGN_KEY_CHECKS=0 */;
/*!40101 SET @OLD_SQL_MODE=@@SQL_MODE, SQL_MODE='NO_AUTO_VALUE_ON_ZERO' */;
/*!40111 SET @OLD_SQL_NOTES=@@SQL_NOTES, SQL_NOTES=0 */;

--
-- Table structure for table `tbl_cliente`
--

DROP TABLE IF EXISTS `tbl_cliente`;
/*!40101 SET @saved_cs_client     = @@character_set_client */;
/*!40101 SET character_set_client = utf8 */;
CREATE TABLE `tbl_cliente` (
  `documento` varchar(12) NOT NULL,
  `nombres` varchar(50) NOT NULL,
  `apellidos` varchar(60) NOT NULL,
  `telefono` varchar(20) NOT NULL,
  `correo` varchar(70) NOT NULL,
  `direccion` varchar(45) NOT NULL,
  `municipio` varchar(6) NOT NULL,
  PRIMARY KEY (`documento`),
  KEY `fk_tbl_clientes_tbl_municipio1_idx` (`municipio`),
  CONSTRAINT `fk_tbl_clientes_tbl_municipio1` FOREIGN KEY (`municipio`) REFERENCES `tblmunicipio` (`codigo`) ON DELETE NO ACTION ON UPDATE NO ACTION
) ENGINE=InnoDB DEFAULT CHARSET=utf8;
/*!40101 SET character_set_client = @saved_cs_client */;

--
-- Dumping data for table `tbl_cliente`
--

LOCK TABLES `tbl_cliente` WRITE;
/*!40000 ALTER TABLE `tbl_cliente` DISABLE KEYS */;
INSERT INTO `tbl_cliente` VALUES ('084504850','cliente8','ocho','948674956','cliente8@kd.co','calle1barriaSamanta#45-6','409'),('25096869','cliente10','diez','2435234','qewr@dasf','calle1barriaSamanta#45-6','753'),('9308986','cliente11','once','480486789','cliente1@hotmial.com','CALLE AGUSTIN LARA NO. 69-B','452'),('94795','ciente5','cinco','4o985095','hodfj@cohd.com','BLVD. BENITO JUAREZ S / N','1003'),('948508054','cliente4','cuetro','904380598046','cient3@hfo.com','AV. INDEPENDENCIA NO. 1282-A','1008'),('98508058','cliente3','tres','30823683','cliente3@hoc.om','CALLE MATAMOROS NO. 310','1011');
/*!40000 ALTER TABLE `tbl_cliente` ENABLE KEYS */;
UNLOCK TABLES;

--
-- Table structure for table `tblcategoria`
--

DROP TABLE IF EXISTS `tblcategoria`;
/*!40101 SET @saved_cs_client     = @@character_set_client */;
/*!40101 SET character_set_client = utf8 */;
CREATE TABLE `tblcategoria` (
  `codigo` int(3) NOT NULL,
  `nombre` varchar(40) NOT NULL,
  PRIMARY KEY (`codigo`)
) ENGINE=InnoDB DEFAULT CHARSET=utf8;
/*!40101 SET character_set_client = @saved_cs_client */;

--
-- Dumping data for table `tblcategoria`
--

LOCK TABLES `tblcategoria` WRITE;
/*!40000 ALTER TABLE `tblcategoria` DISABLE KEYS */;
INSERT INTO `tblcategoria` VALUES (1,'Grupo 1'),(2,'Grupo 2'),(3,'Grupo 3'),(4,' Grupo 5');
/*!40000 ALTER TABLE `tblcategoria` ENABLE KEYS */;
UNLOCK TABLES;

--
-- Table structure for table `tbldepartamento`
--

DROP TABLE IF EXISTS `tbldepartamento`;
/*!40101 SET @saved_cs_client     = @@character_set_client */;
/*!40101 SET character_set_client = utf8 */;
CREATE TABLE `tbldepartamento` (
  `codigo` varchar(3) NOT NULL,
  `nombre` varchar(60) NOT NULL,
  PRIMARY KEY (`codigo`)
) ENGINE=InnoDB DEFAULT CHARSET=utf8;
/*!40101 SET character_set_client = @saved_cs_client */;

--
-- Dumping data for table `tbldepartamento`
--

LOCK TABLES `tbldepartamento` WRITE;
/*!40000 ALTER TABLE `tbldepartamento` DISABLE KEYS */;
INSERT INTO `tbldepartamento` VALUES ('1','AMAZONAS'),('10','CAQUETÁ'),('11','CASANARE'),('12','CAUCA'),('13','CESAR'),('14','CHOCÓ'),('15','CÓRDOBA'),('16','CUNDINAMARCA'),('17','GUAINÍA'),('18','GUAVIARE'),('19','HUILA'),('2','ANTIOQUIA'),('20','LA GUAJIRA'),('21','MAGDALENA'),('22','META'),('23','NARIÑO'),('24','NORTE DE SANTANDER'),('25','PUTUMAYO'),('26','QUINDIO'),('27','RISARALDA'),('28','SANTANDER'),('29','SUCRE'),('3','ARAUCA'),('30','TOLIMA'),('31','VALLE DEL CAUCA'),('32','VAUPÉS'),('33','VICHADA'),('4','ARCHIPIÉLAGO DE SAN ANDRÉS, PROVIDENCIA Y SANTA CATALINA'),('5','ATLÁNTICO'),('6','BOGOTÁ, D.C.'),('7','BOLÍVAR'),('8','BOYACÁ'),('9','CALDAS');
/*!40000 ALTER TABLE `tbldepartamento` ENABLE KEYS */;
UNLOCK TABLES;

--
-- Table structure for table `tblfacturacompra`
--

DROP TABLE IF EXISTS `tblfacturacompra`;
/*!40101 SET @saved_cs_client     = @@character_set_client */;
/*!40101 SET character_set_client = utf8 */;
CREATE TABLE `tblfacturacompra` (
  `numero` int(3) NOT NULL AUTO_INCREMENT,
  `proveedor` varchar(15) NOT NULL,
  `forma_pago` int(3) NOT NULL,
  `fecha` date NOT NULL,
  `proveedorFactura` varchar(20) NOT NULL,
  PRIMARY KEY (`numero`),
  KEY `fk_tbl_facturacompra_tbl_formapago1_idx` (`forma_pago`),
  KEY `fk_tbl_facturacompra_tbl_proveedor1_idx` (`proveedor`),
  CONSTRAINT `fk_tbl_facturacompra_tbl_formapago1` FOREIGN KEY (`forma_pago`) REFERENCES `tblformapago` (`codigo`) ON DELETE NO ACTION ON UPDATE NO ACTION,
  CONSTRAINT `fk_tbl_facturacompra_tbl_proveedor1` FOREIGN KEY (`proveedor`) REFERENCES `tblproveedor` (`nit`) ON DELETE NO ACTION ON UPDATE NO ACTION
) ENGINE=InnoDB AUTO_INCREMENT=9 DEFAULT CHARSET=utf8;
/*!40101 SET character_set_client = @saved_cs_client */;

--
-- Dumping data for table `tblfacturacompra`
--

LOCK TABLES `tblfacturacompra` WRITE;
/*!40000 ALTER TABLE `tblfacturacompra` DISABLE KEYS */;
INSERT INTO `tblfacturacompra` VALUES (1,'09480485',1,'2021-04-05','7666'),(2,'09480485',1,'2021-04-05','7666'),(3,'4850498059',2,'2021-04-05','0989089'),(4,'4850498059',2,'2021-04-05','0989089'),(5,'09438504805',1,'2021-04-05','385045845ss'),(6,'09438504805',1,'2021-04-05','385045845ss'),(7,'4850498059',1,'2021-04-08','5987869'),(8,'4850498059',1,'2021-04-08','5987869');
/*!40000 ALTER TABLE `tblfacturacompra` ENABLE KEYS */;
UNLOCK TABLES;

--
-- Table structure for table `tblfacturacompramateriaprima`
--

DROP TABLE IF EXISTS `tblfacturacompramateriaprima`;
/*!40101 SET @saved_cs_client     = @@character_set_client */;
/*!40101 SET character_set_client = utf8 */;
CREATE TABLE `tblfacturacompramateriaprima` (
  `materia_prima` varchar(15) NOT NULL,
  `factura_compra` int(3) NOT NULL,
  `cantidad` int(4) NOT NULL,
  `precio_unitario` int(6) NOT NULL,
  PRIMARY KEY (`materia_prima`,`factura_compra`),
  KEY `FK_compraD` (`factura_compra`),
  CONSTRAINT `FK_compraD` FOREIGN KEY (`factura_compra`) REFERENCES `tblfacturacompra` (`numero`),
  CONSTRAINT `fk_compra` FOREIGN KEY (`factura_compra`) REFERENCES `tblfacturacompra` (`numero`) ON DELETE CASCADE,
  CONSTRAINT `fk_materia` FOREIGN KEY (`materia_prima`) REFERENCES `tblmateriaprima` (`codigo`),
  CONSTRAINT `fk_tbl_facturacompra_materiaprima_tbl_facturacompra1` FOREIGN KEY (`factura_compra`) REFERENCES `tblfacturacompra` (`numero`) ON DELETE NO ACTION ON UPDATE NO ACTION,
  CONSTRAINT `fk_tbl_facturacompra_materiaprima_tbl_materiaprima1` FOREIGN KEY (`materia_prima`) REFERENCES `tblmateriaprima` (`codigo`) ON DELETE NO ACTION ON UPDATE NO ACTION
) ENGINE=InnoDB DEFAULT CHARSET=utf8;
/*!40101 SET character_set_client = @saved_cs_client */;

--
-- Dumping data for table `tblfacturacompramateriaprima`
--

LOCK TABLES `tblfacturacompramateriaprima` WRITE;
/*!40000 ALTER TABLE `tblfacturacompramateriaprima` DISABLE KEYS */;
INSERT INTO `tblfacturacompramateriaprima` VALUES ('0485046',5,100,9000),('094586098',1,100,8000),('0954804860',1,90,1700),('3865',7,10000,1199),('40985904',3,98,8700),('46477',7,10000,1000),('4908',7,100,1000),('598769573',1,100,1500);
/*!40000 ALTER TABLE `tblfacturacompramateriaprima` ENABLE KEYS */;
UNLOCK TABLES;

--
-- Table structure for table `tblfacturaventa`
--

DROP TABLE IF EXISTS `tblfacturaventa`;
/*!40101 SET @saved_cs_client     = @@character_set_client */;
/*!40101 SET character_set_client = utf8 */;
CREATE TABLE `tblfacturaventa` (
  `numero` int(3) NOT NULL AUTO_INCREMENT,
  `cliente` varchar(12) DEFAULT NULL,
  `fecha` date NOT NULL,
  `forma_pago` int(3) NOT NULL,
  PRIMARY KEY (`numero`)
) ENGINE=InnoDB AUTO_INCREMENT=43 DEFAULT CHARSET=utf8mb4;
/*!40101 SET character_set_client = @saved_cs_client */;

--
-- Dumping data for table `tblfacturaventa`
--

LOCK TABLES `tblfacturaventa` WRITE;
/*!40000 ALTER TABLE `tblfacturaventa` DISABLE KEYS */;
INSERT INTO `tblfacturaventa` VALUES (34,'2','2021-03-24',2),(35,'09438850','2021-03-24',1),(36,'9308986','2021-03-24',2),(37,'09438850','2021-03-24',2),(38,'0498505','2021-03-26',2),(39,'','2021-03-26',0),(40,'25096869','2021-04-05',1),(41,'94795','2021-04-07',1),(42,'94795','2021-04-08',1);
/*!40000 ALTER TABLE `tblfacturaventa` ENABLE KEYS */;
UNLOCK TABLES;

--
-- Table structure for table `tblfacturventaproducto`
--

DROP TABLE IF EXISTS `tblfacturventaproducto`;
/*!40101 SET @saved_cs_client     = @@character_set_client */;
/*!40101 SET character_set_client = utf8 */;
CREATE TABLE `tblfacturventaproducto` (
  `factura_venta` int(3) NOT NULL AUTO_INCREMENT,
  `producto` varchar(15) NOT NULL,
  `cantidad` int(4) NOT NULL,
  `precio_unitario` int(6) NOT NULL,
  PRIMARY KEY (`factura_venta`,`producto`),
  CONSTRAINT `fk_tblventacompuesta_tblventa` FOREIGN KEY (`factura_venta`) REFERENCES `tblfacturaventa` (`numero`)
) ENGINE=InnoDB AUTO_INCREMENT=43 DEFAULT CHARSET=utf8mb4;
/*!40101 SET character_set_client = @saved_cs_client */;

--
-- Dumping data for table `tblfacturventaproducto`
--

LOCK TABLES `tblfacturventaproducto` WRITE;
/*!40000 ALTER TABLE `tblfacturventaproducto` DISABLE KEYS */;
INSERT INTO `tblfacturventaproducto` VALUES (34,'90586098',1,0),(35,'9',10,0),(36,'90586098',10,0),(37,'89335',100,0),(40,'002',100,0),(40,'1',10000,0),(40,'2',10000,0),(40,'39895',1000,0),(41,'1',3000,0),(42,'1',7,0),(42,'2',9,0),(42,'39895',8,0);
/*!40000 ALTER TABLE `tblfacturventaproducto` ENABLE KEYS */;
UNLOCK TABLES;

--
-- Table structure for table `tblformapago`
--

DROP TABLE IF EXISTS `tblformapago`;
/*!40101 SET @saved_cs_client     = @@character_set_client */;
/*!40101 SET character_set_client = utf8 */;
CREATE TABLE `tblformapago` (
  `codigo` int(3) NOT NULL AUTO_INCREMENT,
  `nombre` varchar(35) NOT NULL,
  PRIMARY KEY (`codigo`)
) ENGINE=InnoDB AUTO_INCREMENT=3 DEFAULT CHARSET=utf8;
/*!40101 SET character_set_client = @saved_cs_client */;

--
-- Dumping data for table `tblformapago`
--

LOCK TABLES `tblformapago` WRITE;
/*!40000 ALTER TABLE `tblformapago` DISABLE KEYS */;
INSERT INTO `tblformapago` VALUES (1,'Credito'),(2,'Efectivo');
/*!40000 ALTER TABLE `tblformapago` ENABLE KEYS */;
UNLOCK TABLES;

--
-- Table structure for table `tblmateriaprima`
--

DROP TABLE IF EXISTS `tblmateriaprima`;
/*!40101 SET @saved_cs_client     = @@character_set_client */;
/*!40101 SET character_set_client = utf8 */;
CREATE TABLE `tblmateriaprima` (
  `codigo` varchar(15) NOT NULL,
  `nombre` varchar(30) NOT NULL,
  `unidad_medida` int(2) NOT NULL,
  `unidades_disponibles` int(5) NOT NULL,
  `fecha_vencimiento` date NOT NULL,
  PRIMARY KEY (`codigo`),
  KEY `fk_tbl_materiaprima_tblunidadmedida1_idx` (`unidad_medida`),
  CONSTRAINT `fk_tbl_materiaprima_tblunidadmedida1` FOREIGN KEY (`unidad_medida`) REFERENCES `tblunidadmedida` (`codigo`) ON DELETE NO ACTION ON UPDATE NO ACTION
) ENGINE=InnoDB DEFAULT CHARSET=utf8;
/*!40101 SET character_set_client = @saved_cs_client */;

--
-- Dumping data for table `tblmateriaprima`
--

LOCK TABLES `tblmateriaprima` WRITE;
/*!40000 ALTER TABLE `tblmateriaprima` DISABLE KEYS */;
INSERT INTO `tblmateriaprima` VALUES ('0485046','materia 10',2,100,'2022-02-03'),('094586098','materia 2',5,100,'2021-09-28'),('0954804860','materia 1',2,90,'2021-08-30'),('095860956','Salchicha Ranchera',6,0,'2020-07-31'),('1','Gaseosaaaa',4,0,'2020-09-30'),('1234','Banano con cremas',4,1228,'2020-11-04'),('1324','Trigo',3,999,'2021-03-19'),('2','Bulto 1',6,0,'2020-11-18'),('2354','Azucar',3,0,'2020-12-05'),('2374935','materia 5',4,90,'2021-03-30'),('2865','Materia 4',5,788,'2021-08-25'),('3','papas',5,0,'2020-11-26'),('3865','materia b',1,10000,'2021-04-08'),('4','poopos',5,0,'2020-10-29'),('408046','Materia 3',6,556,'2021-12-26'),('40985904','materia 6',3,98,'2021-08-30'),('4398579856','Leche',5,0,'2020-10-08'),('46477','materia c',3,10000,'2021-04-08'),('4908','materia a',5,100,'2021-04-08'),('490840956','materia 8',2,79,'2021-03-30'),('498960','materiad',2,477,'2021-03-17'),('5860','Materia 1',5,79994,'2020-12-11'),('598769573','materia 3',5,100,'2021-10-22'),('666','materia 8.8.8',4,999,'2020-11-03'),('905806','NUEVA MATERIA',5,7888,'2020-11-02'),('93759','Materia 2',5,5000,'2021-11-30'),('94805485','materia 7',2,6,'2021-03-17'),('956806','Salll',4,0,'2020-12-25'),('958696','Cacao',5,0,'2020-11-05'),('e4o98045','materia4',1,10000,'2021-04-02');
/*!40000 ALTER TABLE `tblmateriaprima` ENABLE KEYS */;
UNLOCK TABLES;

--
-- Table structure for table `tblmateriaprimareceta`
--

DROP TABLE IF EXISTS `tblmateriaprimareceta`;
/*!40101 SET @saved_cs_client     = @@character_set_client */;
/*!40101 SET character_set_client = utf8 */;
CREATE TABLE `tblmateriaprimareceta` (
  `materia_prima` varchar(15) NOT NULL,
  `receta` int(3) NOT NULL,
  `cantidad` int(4) NOT NULL,
  PRIMARY KEY (`materia_prima`,`receta`),
  KEY `fk_tbl_materiaprima_receta_tbl_receta1_idx` (`receta`),
  CONSTRAINT `fk_tbl_materiaprima_receta_tbl_receta1` FOREIGN KEY (`receta`) REFERENCES `tblreceta` (`codigo`) ON DELETE NO ACTION ON UPDATE NO ACTION,
  CONSTRAINT `fk_tblmateriaprima_receta_tbl_materiaprima1` FOREIGN KEY (`materia_prima`) REFERENCES `tblmateriaprima` (`codigo`) ON DELETE NO ACTION ON UPDATE NO ACTION
) ENGINE=InnoDB DEFAULT CHARSET=utf8;
/*!40101 SET character_set_client = @saved_cs_client */;

--
-- Dumping data for table `tblmateriaprimareceta`
--

LOCK TABLES `tblmateriaprimareceta` WRITE;
/*!40000 ALTER TABLE `tblmateriaprimareceta` DISABLE KEYS */;
INSERT INTO `tblmateriaprimareceta` VALUES ('1',5,23),('2865',6,33),('598769573',6,4),('93759',6,7);
/*!40000 ALTER TABLE `tblmateriaprimareceta` ENABLE KEYS */;
UNLOCK TABLES;

--
-- Table structure for table `tblmunicipio`
--

DROP TABLE IF EXISTS `tblmunicipio`;
/*!40101 SET @saved_cs_client     = @@character_set_client */;
/*!40101 SET character_set_client = utf8 */;
CREATE TABLE `tblmunicipio` (
  `codigo` varchar(6) NOT NULL,
  `nombre` varchar(60) NOT NULL,
  `tbl_departamentos_codigo` varchar(3) NOT NULL,
  PRIMARY KEY (`codigo`),
  KEY `fk_tbl_municipio_tbl_departamentos1_idx` (`tbl_departamentos_codigo`),
  CONSTRAINT `fk_tbl_municipio_tbl_departamentos1` FOREIGN KEY (`tbl_departamentos_codigo`) REFERENCES `tbldepartamento` (`codigo`) ON DELETE NO ACTION ON UPDATE NO ACTION
) ENGINE=InnoDB DEFAULT CHARSET=utf8;
/*!40101 SET character_set_client = @saved_cs_client */;

--
-- Dumping data for table `tblmunicipio`
--

LOCK TABLES `tblmunicipio` WRITE;
/*!40000 ALTER TABLE `tblmunicipio` DISABLE KEYS */;
INSERT INTO `tblmunicipio` VALUES ('1','EL ENCANTO','1'),('10','PUERTO SANTANDER','1'),('100','SAN ANDRÉS DE CUERQUÍA','2'),('1000','CHALÁN','29'),('1001','COLOSO','29'),('1002','COROZAL','29'),('1003','COVEÑAS','29'),('1004','EL ROBLE','29'),('1005','GALERAS','29'),('1006','GUARANDA','29'),('1007','LA UNIÓN','29'),('1008','LOS PALMITOS','29'),('1009','MAJAGUAL','29'),('101','SAN CARLOS','2'),('1010','MORROA','29'),('1011','OVEJAS','29'),('1012','PALMITO','29'),('1013','SAMPUÉS','29'),('1014','SAN BENITO ABAD','29'),('1015','SAN JUAN DE BETULIA','29'),('1016','SAN LUIS DE SINCÉ','29'),('1017','SAN MARCOS','29'),('1018','SAN ONOFRE','29'),('1019','SAN PEDRO','29'),('102','SAN FRANCISCO','2'),('1020','SANTIAGO DE TOLÚ','29'),('1021','SINCELEJO','29'),('1022','SUCRE','29'),('1023','TOLÚ VIEJO','29'),('1024','ALPUJARRA','30'),('1025','ALVARADO','30'),('1026','AMBALEMA','30'),('1027','ANZOÁTEGUI','30'),('1028','ARMERO GUAYABAL','30'),('1029','ATACO','30'),('103','SAN JERÓNIMO','2'),('1030','CAJAMARCA','30'),('1031','CARMEN DE APICALÁ','30'),('1032','CASABIANCA','30'),('1033','CHAPARRAL','30'),('1034','COELLO','30'),('1035','COYAIMA','30'),('1036','CUNDAY','30'),('1037','DOLORES','30'),('1038','ESPINAL','30'),('1039','FALAN','30'),('104','SAN JOSÉ DE LA MONTAÑA','2'),('1040','FLANDES','30'),('1041','FRESNO','30'),('1042','GUAMO','30'),('1043','HERVEO','30'),('1044','HONDA','30'),('1045','IBAGUÉ','30'),('1046','ICONONZO','30'),('1047','LÉRIDA','30'),('1048','LÍBANO','30'),('1049','MELGAR','30'),('105','SAN JUAN DE URABÁ','2'),('1050','MURILLO','30'),('1051','NATAGAIMA','30'),('1052','ORTEGA','30'),('1053','PALOCABILDO','30'),('1054','PIEDRAS','30'),('1055','PLANADAS','30'),('1056','PRADO','30'),('1057','PURIFICACIÓN','30'),('1058','RIOBLANCO','30'),('1059','RONCESVALLES','30'),('106','SAN LUIS','2'),('1060','ROVIRA','30'),('1061','SALDAÑA','30'),('1062','SAN ANTONIO','30'),('1063','SAN LUIS','30'),('1064','SAN SEBASTIÁN DE MARIQUITA','30'),('1065','SANTA ISABEL','30'),('1066','SUÁREZ','30'),('1067','VALLE DE SAN JUAN','30'),('1068','VENADILLO','30'),('1069','VILLAHERMOSA','30'),('107','SAN PEDRO DE LOS MILAGROS','2'),('1070','VILLARRICA','30'),('1071','ALCALÁ','31'),('1072','ANDALUCÍA','31'),('1073','ANSERMANUEVO','31'),('1074','ARGELIA','31'),('1075','BOLÍVAR','31'),('1076','BUENAVENTURA','31'),('1077','BUGALAGRANDE','31'),('1078','CAICEDONIA','31'),('1079','CALI','31'),('108','SAN PEDRO DE URABÁ','2'),('1080','CALIMA','31'),('1081','CANDELARIA','31'),('1082','CARTAGO','31'),('1083','DAGUA','31'),('1084','EL ÁGUILA','31'),('1085','EL CAIRO','31'),('1086','EL CERRITO','31'),('1087','EL DOVIO','31'),('1088','FLORIDA','31'),('1089','GINEBRA','31'),('109','SAN RAFAEL','2'),('1090','GUACARÍ','31'),('1091','GUADALAJARA DE BUGA','31'),('1092','JAMUNDÍ','31'),('1093','LA CUMBRE','31'),('1094','LA UNIÓN','31'),('1095','LA VICTORIA','31'),('1096','OBANDO','31'),('1097','PALMIRA','31'),('1098','PRADERA','31'),('1099','RESTREPO','31'),('11','TARAPACÁ','1'),('110','SAN ROQUE','2'),('1100','RIOFRÍO','31'),('1101','ROLDANILLO','31'),('1102','SAN PEDRO','31'),('1103','SEVILLA','31'),('1104','TORO','31'),('1105','TRUJILLO','31'),('1106','TULUÁ','31'),('1107','ULLOA','31'),('1108','VERSALLES','31'),('1109','VIJES','31'),('111','SAN VICENTE FERRER','2'),('1110','YOTOCO','31'),('1111','YUMBO','31'),('1112','ZARZAL','31'),('1113','CARURÚ','32'),('1114','MITÚ','32'),('1115','PACOA','32'),('1116','PAPUNAUA','32'),('1117','TARAIRA','32'),('1118','YAVARATÉ','32'),('1119','CUMARIBO','33'),('112','SANTA BÁRBARA','2'),('1120','LA PRIMAVERA','33'),('1121','PUERTO CARREÑO','33'),('1122','SANTA ROSALÍA','33'),('113','SANTA FÉ DE ANTIOQUIA','2'),('114','SANTA ROSA DE OSOS','2'),('115','SANTO DOMINGO','2'),('116','SEGOVIA','2'),('117','SONSÓN','2'),('118','SOPETRÁN','2'),('119','TÁMESIS','2'),('12','ABEJORRAL','2'),('120','TARAZÁ','2'),('121','TARSO','2'),('122','TITIRIBÍ','2'),('123','TOLEDO','2'),('124','TURBO','2'),('125','URAMITA','2'),('126','URRAO','2'),('127','VALDIVIA','2'),('128','VALPARAÍSO','2'),('129','VEGACHÍ','2'),('13','ABRIAQUÍ','2'),('130','VENECIA','2'),('131','VIGÍA DEL FUERTE','2'),('132','YALÍ','2'),('133','YARUMAL','2'),('134','YOLOMBÓ','2'),('135','YONDÓ','2'),('136','ZARAGOZA','2'),('137','ARAUCA','3'),('138','ARAUQUITA','3'),('139','CRAVO NORTE','3'),('14','ALEJANDRÍA','2'),('140','FORTUL','3'),('141','PUERTO RONDÓN','3'),('142','SARAVENA','3'),('143','TAME','3'),('144','PROVIDENCIA','4'),('145','SAN ANDRÉS','4'),('146','BARANOA','5'),('147','BARRANQUILLA','5'),('148','CAMPO DE LA CRUZ','5'),('149','CANDELARIA','5'),('15','AMAGÁ','2'),('150','GALAPA','5'),('151','JUAN DE ACOSTA','5'),('152','LURUACO','5'),('153','MALAMBO','5'),('154','MANATÍ','5'),('155','PALMAR DE VARELA','5'),('156','PIOJÓ','5'),('157','POLONUEVO','5'),('158','PONEDERA','5'),('159','PUERTO COLOMBIA','5'),('16','AMALFI','2'),('160','REPELÓN','5'),('161','SABANAGRANDE','5'),('162','SABANALARGA','5'),('163','SANTA LUCÍA','5'),('164','SANTO TOMÁS','5'),('165','SOLEDAD','5'),('166','SUAN','5'),('167','TUBARÁ','5'),('168','USIACURÍ','5'),('169','BOGOTÁ, D.C.','6'),('17','ANDES','2'),('170','ACHÍ','7'),('171','ALTOS DEL ROSARIO','7'),('172','ARENAL','7'),('173','ARJONA','7'),('174','ARROYOHONDO','7'),('175','BARRANCO DE LOBA','7'),('176','CALAMAR','7'),('177','CANTAGALLO','7'),('178','CARTAGENA DE INDIAS','7'),('179','CICUCO','7'),('18','ANGELÓPOLIS','2'),('180','CLEMENCIA','7'),('181','CÓRDOBA','7'),('182','EL CARMEN DE BOLÍVAR','7'),('183','EL GUAMO','7'),('184','EL PEÑÓN','7'),('185','HATILLO DE LOBA','7'),('186','MAGANGUÉ','7'),('187','MAHATES','7'),('188','MARGARITA','7'),('189','MARÍA LA BAJA','7'),('19','ANGOSTURA','2'),('190','MOMPÓS','7'),('191','MONTECRISTO','7'),('192','MORALES','7'),('193','NOROSÍ','7'),('194','PINILLOS','7'),('195','REGIDOR','7'),('196','RÍO VIEJO','7'),('197','SAN CRISTÓBAL','7'),('198','SAN ESTANISLAO','7'),('199','SAN FERNANDO','7'),('2','LA CHORRERA','1'),('20','ANORÍ','2'),('200','SAN JACINTO','7'),('201','SAN JACINTO DEL CAUCA','7'),('202','SAN JUAN NEPOMUCENO','7'),('203','SAN MARTÍN DE LOBA','7'),('204','SAN PABLO','7'),('205','SANTA CATALINA','7'),('206','SANTA ROSA','7'),('207','SANTA ROSA DEL SUR','7'),('208','SIMITÍ','7'),('209','SOPLAVIENTO','7'),('21','ANZÁ','2'),('210','TALAIGUA NUEVO','7'),('211','TIQUISIO','7'),('212','TURBACO','7'),('213','TURBANÁ','7'),('214','VILLANUEVA','7'),('215','ZAMBRANO','7'),('216','ALMEIDA','8'),('217','AQUITANIA','8'),('218','ARCABUCO','8'),('219','BELÉN','8'),('22','APARTADÓ','2'),('220','BERBEO','8'),('221','BETÉITIVA','8'),('222','BOAVITA','8'),('223','BOYACÁ','8'),('224','BRICEÑO','8'),('225','BUENAVISTA','8'),('226','BUSBANZÁ','8'),('227','CALDAS','8'),('228','CAMPOHERMOSO','8'),('229','CERINZA','8'),('23','ARBOLETES','2'),('230','CHINAVITA','8'),('231','CHIQUINQUIRÁ','8'),('232','CHÍQUIZA','8'),('233','CHISCAS','8'),('234','CHITA','8'),('235','CHITARAQUE','8'),('236','CHIVATÁ','8'),('237','CHIVOR','8'),('238','CIÉNEGA','8'),('239','CÓMBITA','8'),('24','ARGELIA','2'),('240','COPER','8'),('241','CORRALES','8'),('242','COVARACHÍA','8'),('243','CUBARÁ','8'),('244','CUCAITA','8'),('245','CUÍTIVA','8'),('246','DUITAMA','8'),('247','EL COCUY','8'),('248','EL ESPINO','8'),('249','FIRAVITOBA','8'),('25','ARMENIA','2'),('250','FLORESTA','8'),('251','GACHANTIVÁ','8'),('252','GÁMEZA','8'),('253','GARAGOA','8'),('254','GUACAMAYAS','8'),('255','GUATEQUE','8'),('256','GUAYATÁ','8'),('257','GÜICÁN','8'),('258','IZA','8'),('259','JENESANO','8'),('26','BARBOSA','2'),('260','JERICÓ','8'),('261','LA CAPILLA','8'),('262','LA UVITA','8'),('263','LA VICTORIA','8'),('264','LABRANZAGRANDE','8'),('265','MACANAL','8'),('266','MARIPÍ','8'),('267','MIRAFLORES','8'),('268','MONGUA','8'),('269','MONGUÍ','8'),('27','BELLO','2'),('270','MONIQUIRÁ','8'),('271','MOTAVITA','8'),('272','MUZO','8'),('273','NOBSA','8'),('274','NUEVO COLÓN','8'),('275','OICATÁ','8'),('276','OTANCHE','8'),('277','PACHAVITA','8'),('278','PÁEZ','8'),('279','PAIPA','8'),('28','BELMIRA','2'),('280','PAJARITO','8'),('281','PANQUEBA','8'),('282','PAUNA','8'),('283','PAYA','8'),('284','PAZ DE RÍO','8'),('285','PESCA','8'),('286','PISBA','8'),('287','PUERTO BOYACÁ','8'),('288','QUÍPAMA','8'),('289','RAMIRIQUÍ','8'),('29','BETANIA','2'),('290','RÁQUIRA','8'),('291','RONDÓN','8'),('292','SABOYÁ','8'),('293','SÁCHICA','8'),('294','SAMACÁ','8'),('295','SAN EDUARDO','8'),('296','SAN JOSÉ DE PARE','8'),('297','SAN LUIS DE GACENO','8'),('298','SAN MATEO','8'),('299','SAN MIGUEL DE SEMA','8'),('3','LA PEDRERA','1'),('30','BETULIA','2'),('300','SAN PABLO DE BORBUR','8'),('301','SANTA MARÍA','8'),('302','SANTA ROSA DE VITERBO','8'),('303','SANTA SOFÍA','8'),('304','SANTANA','8'),('305','SATIVANORTE','8'),('306','SATIVASUR','8'),('307','SIACHOQUE','8'),('308','SOATÁ','8'),('309','SOCHA','8'),('31','BRICEÑO','2'),('310','SOCOTÁ','8'),('311','SOGAMOSO','8'),('312','SOMONDOCO','8'),('313','SORA','8'),('314','SORACÁ','8'),('315','SOTAQUIRÁ','8'),('316','SUSACÓN','8'),('317','SUTAMARCHÁN','8'),('318','SUTATENZA','8'),('319','TASCO','8'),('32','BURITICÁ','2'),('320','TENZA','8'),('321','TIBANÁ','8'),('322','TIBASOSA','8'),('323','TINJACÁ','8'),('324','TIPACOQUE','8'),('325','TOCA','8'),('326','TOGÜÍ','8'),('327','TÓPAGA','8'),('328','TOTA','8'),('329','TUNJA','8'),('33','CÁCERES','2'),('330','TUNUNGUÁ','8'),('331','TURMEQUÉ','8'),('332','TUTA','8'),('333','TUTAZÁ','8'),('334','ÚMBITA','8'),('335','VENTAQUEMADA','8'),('336','VILLA DE LEYVA','8'),('337','VIRACACHÁ','8'),('338','ZETAQUIRA','8'),('339','AGUADAS','9'),('34','CAICEDO','2'),('340','ANSERMA','9'),('341','ARANZAZU','9'),('342','BELALCÁZAR','9'),('343','CHINCHINÁ','9'),('344','FILADELFIA','9'),('345','LA DORADA','9'),('346','LA MERCED','9'),('347','MANIZALES','9'),('348','MANZANARES','9'),('349','MARMATO','9'),('35','CALDAS','2'),('350','MARQUETALIA','9'),('351','MARULANDA','9'),('352','NEIRA','9'),('353','NORCASIA','9'),('354','PÁCORA','9'),('355','PALESTINA','9'),('356','PENSILVANIA','9'),('357','RIOSUCIO','9'),('358','RISARALDA','9'),('359','SALAMINA','9'),('36','CAMPAMENTO','2'),('360','SAMANÁ','9'),('361','SAN JOSÉ','9'),('362','SUPÍA','9'),('363','VICTORIA','9'),('364','VILLAMARÍA','9'),('365','VITERBO','9'),('366','ALBANIA','10'),('367','BELÉN DE LOS ANDAQUÍES','10'),('368','CARTAGENA DEL CHAIRÁ','10'),('369','CURILLO','10'),('37','CAÑASGORDAS','2'),('370','EL DONCELLO','10'),('371','EL PAUJÍL','10'),('372','FLORENCIA','10'),('373','LA MONTAÑITA','10'),('374','MILÁN','10'),('375','MORELIA','10'),('376','PUERTO RICO','10'),('377','SAN JOSÉ DEL FRAGUA','10'),('378','SAN VICENTE DEL CAGUÁN','10'),('379','SOLANO','10'),('38','CARACOLÍ','2'),('380','SOLITA','10'),('381','VALPARAÍSO','10'),('382','AGUAZUL','11'),('383','CHÁMEZA','11'),('384','HATO COROZAL','11'),('385','LA SALINA','11'),('386','MANÍ','11'),('387','MONTERREY','11'),('388','NUNCHÍA','11'),('389','OROCUÉ','11'),('39','CARAMANTA','2'),('390','PAZ DE ARIPORO','11'),('391','PORE','11'),('392','RECETOR','11'),('393','SABANALARGA','11'),('394','SÁCAMA','11'),('395','SAN LUIS DE PALENQUE','11'),('396','TÁMARA','11'),('397','TAURAMENA','11'),('398','TRINIDAD','11'),('399','VILLANUEVA','11'),('4','LA VICTORIA','1'),('40','CAREPA','2'),('400','YOPAL','11'),('401','ALMAGUER','12'),('402','ARGELIA','12'),('403','BALBOA','12'),('404','BOLÍVAR','12'),('405','BUENOS AIRES','12'),('406','CAJIBÍO','12'),('407','CALDONO','12'),('408','CALOTO','12'),('409','CORINTO','12'),('41','CAROLINA','2'),('410','EL TAMBO','12'),('411','FLORENCIA','12'),('412','GUACHENÉ','12'),('413','GUAPÍ','12'),('414','INZÁ','12'),('415','JAMBALÓ','12'),('416','LA SIERRA','12'),('417','LA VEGA','12'),('418','LÓPEZ DE MICAY','12'),('419','MERCADERES','12'),('42','CAUCASIA','2'),('420','MIRANDA','12'),('421','MORALES','12'),('422','PADILLA','12'),('423','PÁEZ','12'),('424','PATÍA','12'),('425','PIAMONTE','12'),('426','PIENDAMÓ','12'),('427','POPAYÁN','12'),('428','PUERTO TEJADA','12'),('429','PURACÉ','12'),('43','CHIGORODÓ','2'),('430','ROSAS','12'),('431','SAN SEBASTIÁN','12'),('432','SANTA ROSA','12'),('433','SANTANDER DE QUILICHAO','12'),('434','SILVIA','12'),('435','SOTARA','12'),('436','SUÁREZ','12'),('437','SUCRE','12'),('438','TIMBÍO','12'),('439','TIMBIQUÍ','12'),('44','CISNEROS','2'),('440','TORIBÍO','12'),('441','TOTORÓ','12'),('442','VILLA RICA','12'),('443','AGUACHICA','13'),('444','AGUSTÍN CODAZZI','13'),('445','ASTREA','13'),('446','BECERRIL','13'),('447','BOSCONIA','13'),('448','CHIMICHAGUA','13'),('449','CHIRIGUANÁ','13'),('45','CIUDAD BOLÍVAR','2'),('450','CURUMANÍ','13'),('451','EL COPEY','13'),('452','EL PASO','13'),('453','GAMARRA','13'),('454','GONZÁLEZ','13'),('455','LA GLORIA','13'),('456','LA JAGUA DE IBIRICO','13'),('457','LA PAZ','13'),('458','MANAURE BALCÓN DEL CESAR','13'),('459','PAILITAS','13'),('46','COCORNÁ','2'),('460','PELAYA','13'),('461','PUEBLO BELLO','13'),('462','RÍO DE ORO','13'),('463','SAN ALBERTO','13'),('464','SAN DIEGO','13'),('465','SAN MARTÍN','13'),('466','TAMALAMEQUE','13'),('467','VALLEDUPAR','13'),('468','ACANDÍ','14'),('469','ALTO BAUDÓ','14'),('47','CONCEPCIÓN','2'),('470','ATRATO','14'),('471','BAGADÓ','14'),('472','BAHÍA SOLANO','14'),('473','BAJO BAUDÓ','14'),('474','BOJAYÁ','14'),('475','CARMEN DEL DARIÉN','14'),('476','CÉRTEGUI','14'),('477','CONDOTO','14'),('478','EL CANTÓN DEL SAN PABLO','14'),('479','EL CARMEN DE ATRATO','14'),('48','CONCORDIA','2'),('480','EL LITORAL DEL SAN JUAN','14'),('481','ISTMINA','14'),('482','JURADÓ','14'),('483','LLORÓ','14'),('484','MEDIO ATRATO','14'),('485','MEDIO BAUDÓ','14'),('486','MEDIO SAN JUAN','14'),('487','NÓVITA','14'),('488','NUQUÍ','14'),('489','QUIBDÓ','14'),('49','COPACABANA','2'),('490','RÍO IRÓ','14'),('491','RÍO QUITO','14'),('492','RIOSUCIO','14'),('493','SAN JOSÉ DEL PALMAR','14'),('494','SIPÍ','14'),('495','TADÓ','14'),('496','UNGUÍA','14'),('497','UNIÓN PANAMERICANA','14'),('498','AYAPEL','15'),('499','BUENAVISTA','15'),('5','LETICIA','1'),('50','DABEIBA','2'),('500','CANALETE','15'),('501','CERETÉ','15'),('502','CHIMÁ','15'),('503','CHINÚ','15'),('504','CIÉNAGA DE ORO','15'),('505','COTORRA','15'),('506','LA APARTADA','15'),('507','LORICA','15'),('508','LOS CÓRDOBAS','15'),('509','MOMIL','15'),('51','DONMATÍAS','2'),('510','MONTELÍBANO','15'),('511','MONTERÍA','15'),('512','MOÑITOS','15'),('513','PLANETA RICA','15'),('514','PUEBLO NUEVO','15'),('515','PUERTO ESCONDIDO','15'),('516','PUERTO LIBERTADOR','15'),('517','PURÍSIMA DE LA CONCEPCIÓN','15'),('518','SAHAGÚN','15'),('519','SAN ANDRÉS DE SOTAVENTO','15'),('52','EBÉJICO','2'),('520','SAN ANTERO','15'),('521','SAN BERNARDO DEL VIENTO','15'),('522','SAN CARLOS','15'),('523','SAN JOSÉ DE URÉ','15'),('524','SAN PELAYO','15'),('525','TIERRALTA','15'),('526','TUCHÍN','15'),('527','VALENCIA','15'),('528','AGUA DE DIOS','16'),('529','ALBÁN','16'),('53','EL BAGRE','2'),('530','ANAPOIMA','16'),('531','ANOLAIMA','16'),('532','APULO','16'),('533','ARBELÁEZ','16'),('534','BELTRÁN','16'),('535','BITUIMA','16'),('536','BOJACÁ','16'),('537','CABRERA','16'),('538','CACHIPAY','16'),('539','CAJICÁ','16'),('54','EL CARMEN DE VIBORAL','2'),('540','CAPARRAPÍ','16'),('541','CÁQUEZA','16'),('542','CARMEN DE CARUPA','16'),('543','CHAGUANÍ','16'),('544','CHÍA','16'),('545','CHIPAQUE','16'),('546','CHOACHÍ','16'),('547','CHOCONTÁ','16'),('548','COGUA','16'),('549','COTA','16'),('55','EL SANTUARIO','2'),('550','CUCUNUBÁ','16'),('551','EL COLEGIO','16'),('552','EL PEÑÓN','16'),('553','EL ROSAL','16'),('554','FACATATIVÁ','16'),('555','FÓMEQUE','16'),('556','FOSCA','16'),('557','FUNZA','16'),('558','FÚQUENE','16'),('559','FUSAGASUGÁ','16'),('56','ENTRERRÍOS','2'),('560','GACHALÁ','16'),('561','GACHANCIPÁ','16'),('562','GACHETÁ','16'),('563','GAMA','16'),('564','GIRARDOT','16'),('565','GRANADA','16'),('566','GUACHETÁ','16'),('567','GUADUAS','16'),('568','GUASCA','16'),('569','GUATAQUÍ','16'),('57','ENVIGADO','2'),('570','GUATAVITA','16'),('571','GUAYABAL DE SÍQUIMA','16'),('572','GUAYABETAL','16'),('573','GUTIÉRREZ','16'),('574','JERUSALÉN','16'),('575','JUNÍN','16'),('576','LA CALERA','16'),('577','LA MESA','16'),('578','LA PALMA','16'),('579','LA PEÑA','16'),('58','FREDONIA','2'),('580','LA VEGA','16'),('581','LENGUAZAQUE','16'),('582','MACHETÁ','16'),('583','MADRID','16'),('584','MANTA','16'),('585','MEDINA','16'),('586','MOSQUERA','16'),('587','NARIÑO','16'),('588','NEMOCÓN','16'),('589','NILO','16'),('59','FRONTINO','2'),('590','NIMAIMA','16'),('591','NOCAIMA','16'),('592','PACHO','16'),('593','PAIME','16'),('594','PANDI','16'),('595','PARATEBUENO','16'),('596','PASCA','16'),('597','PUERTO SALGAR','16'),('598','PULÍ','16'),('599','QUEBRADANEGRA','16'),('6','MIRITÍ - PARANÁ','1'),('60','GIRALDO','2'),('600','QUETAME','16'),('601','QUIPILE','16'),('602','RICAURTE','16'),('603','SAN ANTONIO DEL TEQUENDAMA','16'),('604','SAN BERNARDO','16'),('605','SAN CAYETANO','16'),('606','SAN FRANCISCO','16'),('607','SAN JUAN DE RIOSECO','16'),('608','SASAIMA','16'),('609','SESQUILÉ','16'),('61','GIRARDOTA','2'),('610','SIBATÉ','16'),('611','SILVANIA','16'),('612','SIMIJACA','16'),('613','SOACHA','16'),('614','SOPÓ','16'),('615','SUBACHOQUE','16'),('616','SUESCA','16'),('617','SUPATÁ','16'),('618','SUSA','16'),('619','SUTATAUSA','16'),('62','GÓMEZ PLATA','2'),('620','TABIO','16'),('621','TAUSA','16'),('622','TENA','16'),('623','TENJO','16'),('624','TIBACUY','16'),('625','TIBIRITA','16'),('626','TOCAIMA','16'),('627','TOCANCIPÁ','16'),('628','TOPAIPÍ','16'),('629','UBALÁ','16'),('63','GRANADA','2'),('630','UBAQUE','16'),('631','UNE','16'),('632','ÚTICA','16'),('633','VENECIA','16'),('634','VERGARA','16'),('635','VIANÍ','16'),('636','VILLA DE SAN DIEGO DE UBATÉ','16'),('637','VILLAGÓMEZ','16'),('638','VILLAPINZÓN','16'),('639','VILLETA','16'),('64','GUADALUPE','2'),('640','VIOTÁ','16'),('641','YACOPÍ','16'),('642','ZIPACÓN','16'),('643','ZIPAQUIRÁ','16'),('644','BARRANCO MINAS','17'),('645','CACAHUAL','17'),('646','INÍRIDA','17'),('647','LA GUADALUPE','17'),('648','MAPIRIPANA','17'),('649','MORICHAL','17'),('65','GUARNE','2'),('650','PANA PANA','17'),('651','PUERTO COLOMBIA','17'),('652','SAN FELIPE','17'),('653','CALAMAR','18'),('654','EL RETORNO','18'),('655','MIRAFLORES','18'),('656','SAN JOSÉ DEL GUAVIARE','18'),('657','ACEVEDO','19'),('658','AGRADO','19'),('659','AIPE','19'),('66','GUATAPÉ','2'),('660','ALGECIRAS','19'),('661','ALTAMIRA','19'),('662','BARAYA','19'),('663','CAMPOALEGRE','19'),('664','COLOMBIA','19'),('665','ELÍAS','19'),('666','GARZÓN','19'),('667','GIGANTE','19'),('668','GUADALUPE','19'),('669','HOBO','19'),('67','HELICONIA','2'),('670','ÍQUIRA','19'),('671','ISNOS','19'),('672','LA ARGENTINA','19'),('673','LA PLATA','19'),('674','NÁTAGA','19'),('675','NEIVA','19'),('676','OPORAPA','19'),('677','PAICOL','19'),('678','PALERMO','19'),('679','PALESTINA','19'),('68','HISPANIA','2'),('680','PITAL','19'),('681','PITALITO','19'),('682','RIVERA','19'),('683','SALADOBLANCO','19'),('684','SAN AGUSTÍN','19'),('685','SANTA MARÍA','19'),('686','SUAZA','19'),('687','TARQUI','19'),('688','TELLO','19'),('689','TERUEL','19'),('69','ITAGÜÍ','2'),('690','TESALIA','19'),('691','TIMANÁ','19'),('692','VILLAVIEJA','19'),('693','YAGUARÁ','19'),('694','ALBANIA','20'),('695','BARRANCAS','20'),('696','DIBULLA','20'),('697','DISTRACCIÓN','20'),('698','EL MOLINO','20'),('699','FONSECA','20'),('7','PUERTO ALEGRÍA','1'),('70','ITUANGO','2'),('700','HATONUEVO','20'),('701','LA JAGUA DEL PILAR','20'),('702','MAICAO','20'),('703','MANAURE','20'),('704','RIOHACHA','20'),('705','SAN JUAN DEL CESAR','20'),('706','URIBIA','20'),('707','URUMITA','20'),('708','VILLANUEVA','20'),('709','ALGARROBO','21'),('71','JARDÍN','2'),('710','ARACATACA','21'),('711','ARIGUANÍ','21'),('712','CERRO DE SAN ANTONIO','21'),('713','CHIVOLO','21'),('714','CIÉNAGA','21'),('715','CONCORDIA','21'),('716','EL BANCO','21'),('717','EL PIÑÓN','21'),('718','EL RETÉN','21'),('719','FUNDACIÓN','21'),('72','JERICÓ','2'),('720','GUAMAL','21'),('721','NUEVA GRANADA','21'),('722','PEDRAZA','21'),('723','PIJIÑO DEL CARMEN','21'),('724','PIVIJAY','21'),('725','PLATO','21'),('726','PUEBLOVIEJO','21'),('727','REMOLINO','21'),('728','SABANAS DE SAN ÁNGEL','21'),('729','SALAMINA','21'),('73','LA CEJA','2'),('730','SAN SEBASTIÁN DE BUENAVISTA','21'),('731','SAN ZENÓN','21'),('732','SANTA ANA','21'),('733','SANTA BÁRBARA DE PINTO','21'),('734','SANTA MARTA','21'),('735','SITIONUEVO','21'),('736','TENERIFE','21'),('737','ZAPAYÁN','21'),('738','ZONA BANANERA','21'),('739','ACACÍAS','22'),('74','LA ESTRELLA','2'),('740','BARRANCA DE UPÍA','22'),('741','CABUYARO','22'),('742','CASTILLA LA NUEVA','22'),('743','CUMARAL','22'),('744','EL CALVARIO','22'),('745','EL CASTILLO','22'),('746','EL DORADO','22'),('747','FUENTE DE ORO','22'),('748','GRANADA','22'),('749','GUAMAL','22'),('75','LA PINTADA','2'),('750','LA MACARENA','22'),('751','LEJANÍAS','22'),('752','MAPIRIPÁN','22'),('753','MESETAS','22'),('754','PUERTO CONCORDIA','22'),('755','PUERTO GAITÁN','22'),('756','PUERTO LLERAS','22'),('757','PUERTO LÓPEZ','22'),('758','PUERTO RICO','22'),('759','RESTREPO','22'),('76','LA UNIÓN','2'),('760','SAN CARLOS DE GUAROA','22'),('761','SAN JUAN DE ARAMA','22'),('762','SAN JUANITO','22'),('763','SAN LUIS DE CUBARRAL','22'),('764','SAN MARTÍN','22'),('765','URIBE','22'),('766','VILLAVICENCIO','22'),('767','VISTAHERMOSA','22'),('768','ALBÁN','23'),('769','ALDANA','23'),('77','LIBORINA','2'),('770','ANCUYÁ','23'),('771','ARBOLEDA','23'),('772','BARBACOAS','23'),('773','BELÉN','23'),('774','BUESACO','23'),('775','CHACHAGÜÍ','23'),('776','COLÓN','23'),('777','CONSACÁ','23'),('778','CONTADERO','23'),('779','CÓRDOBA','23'),('78','MACEO','2'),('780','CUASPÚD','23'),('781','CUMBAL','23'),('782','CUMBITARA','23'),('783','EL CHARCO','23'),('784','EL PEÑOL','23'),('785','EL ROSARIO','23'),('786','EL TABLÓN DE GÓMEZ','23'),('787','EL TAMBO','23'),('788','FRANCISCO PIZARRO','23'),('789','FUNES','23'),('79','MARINILLA','2'),('790','GUACHUCAL','23'),('791','GUAITARILLA','23'),('792','GUALMATÁN','23'),('793','ILES','23'),('794','IMUÉS','23'),('795','IPIALES','23'),('796','LA CRUZ','23'),('797','LA FLORIDA','23'),('798','LA LLANADA','23'),('799','LA TOLA','23'),('8','PUERTO ARICA','1'),('80','MEDELLÍN','2'),('800','LA UNIÓN','23'),('801','LEIVA','23'),('802','LINARES','23'),('803','LOS ANDES','23'),('804','MAGÜÍ','23'),('805','MALLAMA','23'),('806','MOSQUERA','23'),('807','NARIÑO','23'),('808','OLAYA HERRERA','23'),('809','OSPINA','23'),('81','MONTEBELLO','2'),('810','PASTO','23'),('811','POLICARPA','23'),('812','POTOSÍ','23'),('813','PROVIDENCIA','23'),('814','PUERRES','23'),('815','PUPIALES','23'),('816','RICAURTE','23'),('817','ROBERTO PAYÁN','23'),('818','SAMANIEGO','23'),('819','SAN ANDRÉS DE TUMACO','23'),('82','MURINDÓ','2'),('820','SAN BERNARDO','23'),('821','SAN LORENZO','23'),('822','SAN PABLO','23'),('823','SAN PEDRO DE CARTAGO','23'),('824','SANDONÁ','23'),('825','SANTA BÁRBARA','23'),('826','SANTACRUZ','23'),('827','SAPUYES','23'),('828','TAMINANGO','23'),('829','TANGUA','23'),('83','MUTATÁ','2'),('830','TÚQUERRES','23'),('831','YACUANQUER','23'),('832','ÁBREGO','24'),('833','ARBOLEDAS','24'),('834','BOCHALEMA','24'),('835','BUCARASICA','24'),('836','CÁCHIRA','24'),('837','CÁCOTA','24'),('838','CHINÁCOTA','24'),('839','CHITAGÁ','24'),('84','NARIÑO','2'),('840','CONVENCIÓN','24'),('841','CÚCUTA','24'),('842','CUCUTILLA','24'),('843','DURANIA','24'),('844','EL CARMEN','24'),('845','EL TARRA','24'),('846','EL ZULIA','24'),('847','GRAMALOTE','24'),('848','HACARÍ','24'),('849','HERRÁN','24'),('85','NECHÍ','2'),('850','LA ESPERANZA','24'),('851','LA PLAYA','24'),('852','LABATECA','24'),('853','LOS PATIOS','24'),('854','LOURDES','24'),('855','MUTISCUA','24'),('856','OCAÑA','24'),('857','PAMPLONA','24'),('858','PAMPLONITA','24'),('859','PUERTO SANTANDER','24'),('86','NECOCLÍ','2'),('860','RAGONVALIA','24'),('861','SALAZAR','24'),('862','SAN CALIXTO','24'),('863','SAN CAYETANO','24'),('864','SANTIAGO','24'),('865','SARDINATA','24'),('866','SILOS','24'),('867','TEORAMA','24'),('868','TIBÚ','24'),('869','TOLEDO','24'),('87','OLAYA','2'),('870','VILLA CARO','24'),('871','VILLA DEL ROSARIO','24'),('872','COLÓN','25'),('873','MOCOA','25'),('874','ORITO','25'),('875','PUERTO ASÍS','25'),('876','PUERTO CAICEDO','25'),('877','PUERTO GUZMÁN','25'),('878','PUERTO LEGUÍZAMO','25'),('879','SAN FRANCISCO','25'),('88','PEÑOL','2'),('880','SAN MIGUEL','25'),('881','SANTIAGO','25'),('882','SIBUNDOY','25'),('883','VALLE DEL GUAMUEZ','25'),('884','VILLAGARZÓN','25'),('885','ARMENIA','26'),('886','BUENAVISTA','26'),('887','CALARCÁ','26'),('888','CIRCASIA','26'),('889','CÓRDOBA','26'),('89','PEQUE','2'),('890','FILANDIA','26'),('891','GÉNOVA','26'),('892','LA TEBAIDA','26'),('893','MONTENEGRO','26'),('894','PIJAO','26'),('895','QUIMBAYA','26'),('896','SALENTO','26'),('897','APÍA','27'),('898','BALBOA','27'),('899','BELÉN DE UMBRÍA','27'),('9','PUERTO NARIÑO','1'),('90','PUEBLORRICO','2'),('900','DOSQUEBRADAS','27'),('901','GUÁTICA','27'),('902','LA CELIA','27'),('903','LA VIRGINIA','27'),('904','MARSELLA','27'),('905','MISTRATÓ','27'),('906','PEREIRA','27'),('907','PUEBLO RICO','27'),('908','QUINCHÍA','27'),('909','SANTA ROSA DE CABAL','27'),('91','PUERTO BERRÍO','2'),('910','SANTUARIO','27'),('911','AGUADA','28'),('912','ALBANIA','28'),('913','ARATOCA','28'),('914','BARBOSA','28'),('915','BARICHARA','28'),('916','BARRANCABERMEJA','28'),('917','BETULIA','28'),('918','BOLÍVAR','28'),('919','BUCARAMANGA','28'),('92','PUERTO NARE','2'),('920','CABRERA','28'),('921','CALIFORNIA','28'),('922','CAPITANEJO','28'),('923','CARCASÍ','28'),('924','CEPITÁ','28'),('925','CERRITO','28'),('926','CHARALÁ','28'),('927','CHARTA','28'),('928','CHIMA','28'),('929','CHIPATÁ','28'),('93','PUERTO TRIUNFO','2'),('930','CIMITARRA','28'),('931','CONCEPCIÓN','28'),('932','CONFINES','28'),('933','CONTRATACIÓN','28'),('934','COROMORO','28'),('935','CURITÍ','28'),('936','EL CARMEN DE CHUCURÍ','28'),('937','EL GUACAMAYO','28'),('938','EL PEÑÓN','28'),('939','EL PLAYÓN','28'),('94','REMEDIOS','2'),('940','ENCINO','28'),('941','ENCISO','28'),('942','FLORIÁN','28'),('943','FLORIDABLANCA','28'),('944','GALÁN','28'),('945','GÁMBITA','28'),('946','GIRÓN','28'),('947','GUACA','28'),('948','GUADALUPE','28'),('949','GUAPOTÁ','28'),('95','RETIRO','2'),('950','GUAVATÁ','28'),('951','GÜEPSA','28'),('952','HATO','28'),('953','JESÚS MARÍA','28'),('954','JORDÁN','28'),('955','LA BELLEZA','28'),('956','LA PAZ','28'),('957','LANDÁZURI','28'),('958','LEBRIJA','28'),('959','LOS SANTOS','28'),('96','RIONEGRO','2'),('960','MACARAVITA','28'),('961','MÁLAGA','28'),('962','MATANZA','28'),('963','MOGOTES','28'),('964','MOLAGAVITA','28'),('965','OCAMONTE','28'),('966','OIBA','28'),('967','ONZAGA','28'),('968','PALMAR','28'),('969','PALMAS DEL SOCORRO','28'),('97','SABANALARGA','2'),('970','PÁRAMO','28'),('971','PIEDECUESTA','28'),('972','PINCHOTE','28'),('973','PUENTE NACIONAL','28'),('974','PUERTO PARRA','28'),('975','PUERTO WILCHES','28'),('976','RIONEGRO','28'),('977','SABANA DE TORRES','28'),('978','SAN ANDRÉS','28'),('979','SAN BENITO','28'),('98','SABANETA','2'),('980','SAN GIL','28'),('981','SAN JOAQUÍN','28'),('982','SAN JOSÉ DE MIRANDA','28'),('983','SAN MIGUEL','28'),('984','SAN VICENTE DE CHUCURÍ','28'),('985','SANTA BÁRBARA','28'),('986','SANTA HELENA DEL OPÓN','28'),('987','SIMACOTA','28'),('988','SOCORRO','28'),('989','SUAITA','28'),('99','SALGAR','2'),('990','SUCRE','28'),('991','SURATÁ','28'),('992','TONA','28'),('993','VALLE DE SAN JOSÉ','28'),('994','VÉLEZ','28'),('995','VETAS','28'),('996','VILLANUEVA','28'),('997','ZAPATOCA','28'),('998','BUENAVISTA','29'),('999','CAIMITO','29');
/*!40000 ALTER TABLE `tblmunicipio` ENABLE KEYS */;
UNLOCK TABLES;

--
-- Table structure for table `tblproduccion`
--

DROP TABLE IF EXISTS `tblproduccion`;
/*!40101 SET @saved_cs_client     = @@character_set_client */;
/*!40101 SET character_set_client = utf8 */;
CREATE TABLE `tblproduccion` (
  `codigo` int(3) NOT NULL AUTO_INCREMENT,
  `fecha` date NOT NULL,
  `usuario` varchar(12) NOT NULL,
  PRIMARY KEY (`codigo`)
) ENGINE=InnoDB AUTO_INCREMENT=2 DEFAULT CHARSET=utf8;
/*!40101 SET character_set_client = @saved_cs_client */;

--
-- Dumping data for table `tblproduccion`
--

LOCK TABLES `tblproduccion` WRITE;
/*!40000 ALTER TABLE `tblproduccion` DISABLE KEYS */;
INSERT INTO `tblproduccion` VALUES (1,'2021-03-26','1001651967');
/*!40000 ALTER TABLE `tblproduccion` ENABLE KEYS */;
UNLOCK TABLES;

--
-- Table structure for table `tblproduccionreceta`
--

DROP TABLE IF EXISTS `tblproduccionreceta`;
/*!40101 SET @saved_cs_client     = @@character_set_client */;
/*!40101 SET character_set_client = utf8 */;
CREATE TABLE `tblproduccionreceta` (
  `cod_produccion` int(3) NOT NULL,
  `cod_receta` int(3) NOT NULL,
  `cantidad` int(4) NOT NULL,
  PRIMARY KEY (`cod_produccion`,`cod_receta`),
  KEY `fk_tblproduccionreceta_tblreceta1_idx` (`cod_receta`),
  KEY `fk_tblproduccionreceta_tblproduccion1_idx` (`cod_produccion`),
  CONSTRAINT `fk_tblproduccionreceta_tblproduccion1` FOREIGN KEY (`cod_produccion`) REFERENCES `tblproduccion` (`codigo`) ON DELETE NO ACTION ON UPDATE NO ACTION,
  CONSTRAINT `fk_tblproduccionreceta_tblreceta1` FOREIGN KEY (`cod_receta`) REFERENCES `tblreceta` (`codigo`) ON DELETE NO ACTION ON UPDATE NO ACTION
) ENGINE=InnoDB DEFAULT CHARSET=utf8;
/*!40101 SET character_set_client = @saved_cs_client */;

--
-- Dumping data for table `tblproduccionreceta`
--

LOCK TABLES `tblproduccionreceta` WRITE;
/*!40000 ALTER TABLE `tblproduccionreceta` DISABLE KEYS */;
INSERT INTO `tblproduccionreceta` VALUES (1,5,3);
/*!40000 ALTER TABLE `tblproduccionreceta` ENABLE KEYS */;
UNLOCK TABLES;

--
-- Table structure for table `tblproductoterminado`
--

DROP TABLE IF EXISTS `tblproductoterminado`;
/*!40101 SET @saved_cs_client     = @@character_set_client */;
/*!40101 SET character_set_client = utf8 */;
CREATE TABLE `tblproductoterminado` (
  `codigo` varchar(15) NOT NULL,
  `nombre` varchar(30) NOT NULL,
  `fecha_creacion` date NOT NULL,
  `fecha_vencimiento` date NOT NULL,
  `categoria` int(3) NOT NULL,
  `unidades_disponibles` int(5) NOT NULL,
  `unidad_medida` int(2) NOT NULL,
  `precio` int(11) NOT NULL,
  PRIMARY KEY (`codigo`),
  KEY `fk_tblproducto_tblcategoria1_idx` (`categoria`),
  KEY `fk_tblproducto_tblunidadmedida1_idx` (`unidad_medida`),
  CONSTRAINT `fk_tblproducto_tblcategoria1` FOREIGN KEY (`categoria`) REFERENCES `tblcategoria` (`codigo`) ON DELETE NO ACTION ON UPDATE NO ACTION,
  CONSTRAINT `fk_tblproducto_tblunidadmedida1` FOREIGN KEY (`unidad_medida`) REFERENCES `tblunidadmedida` (`codigo`) ON DELETE NO ACTION ON UPDATE NO ACTION
) ENGINE=InnoDB DEFAULT CHARSET=utf8;
/*!40101 SET character_set_client = @saved_cs_client */;

--
-- Dumping data for table `tblproductoterminado`
--

LOCK TABLES `tblproductoterminado` WRITE;
/*!40000 ALTER TABLE `tblproductoterminado` DISABLE KEYS */;
INSERT INTO `tblproductoterminado` VALUES ('002','Producto 5','2021-04-05','2021-11-05',4,8799,5,10000),('1','Arroz Chino','2020-08-20','2020-09-03',2,780,5,10500),('2','Pulpo asadoss','2020-09-23','2020-09-30',2,5991,5,100000),('39895','Producto1','2021-02-22','2021-11-02',4,7946,6,15000),('87878787','Pasta con albondigas','2021-01-02','2021-01-30',3,7798,5,70000);
/*!40000 ALTER TABLE `tblproductoterminado` ENABLE KEYS */;
UNLOCK TABLES;

--
-- Table structure for table `tblproveedor`
--

DROP TABLE IF EXISTS `tblproveedor`;
/*!40101 SET @saved_cs_client     = @@character_set_client */;
/*!40101 SET character_set_client = utf8 */;
CREATE TABLE `tblproveedor` (
  `nit` varchar(15) NOT NULL,
  `nombre` varchar(50) NOT NULL,
  `apellido` varchar(60) NOT NULL,
  `direccion` varchar(45) NOT NULL,
  `telefono` varchar(20) NOT NULL,
  `correo` varchar(70) NOT NULL,
  `municipio` varchar(6) NOT NULL,
  PRIMARY KEY (`nit`),
  KEY `fk_tbl_proveedor_tbl_municipio1_idx` (`municipio`),
  CONSTRAINT `fk_tbl_proveedor_tbl_municipio1` FOREIGN KEY (`municipio`) REFERENCES `tblmunicipio` (`codigo`) ON DELETE NO ACTION ON UPDATE NO ACTION
) ENGINE=InnoDB DEFAULT CHARSET=utf8;
/*!40101 SET character_set_client = @saved_cs_client */;

--
-- Dumping data for table `tblproveedor`
--

LOCK TABLES `tblproveedor` WRITE;
/*!40000 ALTER TABLE `tblproveedor` DISABLE KEYS */;
INSERT INTO `tblproveedor` VALUES ('048098469486','Jorge Eliecer ','Gaitan','carrera 5 # 27-4','6080850806','jorger@gmail.com','102'),('09438504805','prroveedor','proveedoaprellido','Avenida 14 # 49B-15','90385094','prov4@hotiam.com','110'),('09480485','Proveedor cc','cuatro','Carrera 89 vereda Payuco','938085','prov4@hotmial.com','719'),('390803805','proveedornono','tresss','Calle 49 # 30-15 A','038038540','prov3@hotmial.com','719'),('4850498059','proveedor 16','dieskddd','CARRETERA A LOMA ALTA S/N.','0493805','Alej23@gmail.com','664'),('5869533','proveedor6','proveedorseis','CARRETERA A LOMA ALTA S/N.','0850458','sfhs@ckjd.com','225'),('98509485045','Proveedor ','dos','Carrera 30 # 27-45 B','940850980','proveedor3@gmial.com','110');
/*!40000 ALTER TABLE `tblproveedor` ENABLE KEYS */;
UNLOCK TABLES;

--
-- Table structure for table `tblreceta`
--

DROP TABLE IF EXISTS `tblreceta`;
/*!40101 SET @saved_cs_client     = @@character_set_client */;
/*!40101 SET character_set_client = utf8 */;
CREATE TABLE `tblreceta` (
  `codigo` int(3) NOT NULL AUTO_INCREMENT,
  `fecha` date NOT NULL,
  `producto` varchar(15) NOT NULL,
  `usuario` varchar(12) NOT NULL,
  `descripcion` varchar(5000) NOT NULL,
  PRIMARY KEY (`codigo`),
  KEY `fk_tbl_ajusteinventario_tbl_usuarios1_idx` (`usuario`),
  KEY `fk_tbl_receta_tbl_productoterminado1_idx` (`producto`),
  CONSTRAINT `fk_tbl_ajusteinventario_tbl_usuarios10` FOREIGN KEY (`usuario`) REFERENCES `tblusuario` (`documento`) ON DELETE NO ACTION ON UPDATE NO ACTION,
  CONSTRAINT `fk_tbl_receta_tbl_productoterminado1` FOREIGN KEY (`producto`) REFERENCES `tblproductoterminado` (`codigo`) ON DELETE NO ACTION ON UPDATE NO ACTION
) ENGINE=InnoDB AUTO_INCREMENT=7 DEFAULT CHARSET=utf8;
/*!40101 SET character_set_client = @saved_cs_client */;

--
-- Dumping data for table `tblreceta`
--

LOCK TABLES `tblreceta` WRITE;
/*!40000 ALTER TABLE `tblreceta` DISABLE KEYS */;
INSERT INTO `tblreceta` VALUES (5,'2021-03-11','1','1001651968','Soda y frutiño'),(6,'2021-04-07','2','40860586056','lkefhlsdfh');
/*!40000 ALTER TABLE `tblreceta` ENABLE KEYS */;
UNLOCK TABLES;

--
-- Table structure for table `tbltipousuario`
--

DROP TABLE IF EXISTS `tbltipousuario`;
/*!40101 SET @saved_cs_client     = @@character_set_client */;
/*!40101 SET character_set_client = utf8 */;
CREATE TABLE `tbltipousuario` (
  `id` int(2) NOT NULL,
  `nombre` varchar(20) NOT NULL,
  PRIMARY KEY (`id`)
) ENGINE=InnoDB DEFAULT CHARSET=utf8;
/*!40101 SET character_set_client = @saved_cs_client */;

--
-- Dumping data for table `tbltipousuario`
--

LOCK TABLES `tbltipousuario` WRITE;
/*!40000 ALTER TABLE `tbltipousuario` DISABLE KEYS */;
INSERT INTO `tbltipousuario` VALUES (1,'SuperAdministrador'),(2,'Administrador'),(3,'Operario');
/*!40000 ALTER TABLE `tbltipousuario` ENABLE KEYS */;
UNLOCK TABLES;

--
-- Table structure for table `tblunidadmedida`
--

DROP TABLE IF EXISTS `tblunidadmedida`;
/*!40101 SET @saved_cs_client     = @@character_set_client */;
/*!40101 SET character_set_client = utf8 */;
CREATE TABLE `tblunidadmedida` (
  `codigo` int(2) NOT NULL AUTO_INCREMENT,
  `nombre` varchar(15) NOT NULL,
  PRIMARY KEY (`codigo`)
) ENGINE=InnoDB AUTO_INCREMENT=7 DEFAULT CHARSET=utf8;
/*!40101 SET character_set_client = @saved_cs_client */;

--
-- Dumping data for table `tblunidadmedida`
--

LOCK TABLES `tblunidadmedida` WRITE;
/*!40000 ALTER TABLE `tblunidadmedida` DISABLE KEYS */;
INSERT INTO `tblunidadmedida` VALUES (1,'Medio Litro'),(2,'Litro'),(3,'Galón'),(4,'Libra'),(5,'Kilogramo'),(6,'Paca');
/*!40000 ALTER TABLE `tblunidadmedida` ENABLE KEYS */;
UNLOCK TABLES;

--
-- Table structure for table `tblusuario`
--

DROP TABLE IF EXISTS `tblusuario`;
/*!40101 SET @saved_cs_client     = @@character_set_client */;
/*!40101 SET character_set_client = utf8 */;
CREATE TABLE `tblusuario` (
  `documento` varchar(12) NOT NULL,
  `nombres` varchar(50) NOT NULL,
  `apellidos` varchar(60) NOT NULL,
  `correo` varchar(60) NOT NULL,
  `telefono` varchar(20) NOT NULL,
  `direccion` varchar(45) NOT NULL,
  `clave` varchar(10) NOT NULL,
  `tipo_usuario` int(2) DEFAULT NULL,
  `municipio` varchar(6) NOT NULL,
  `estado` tinyint(1) DEFAULT NULL,
  PRIMARY KEY (`documento`),
  KEY `fk_tbl_usuarios_tbl_municipio1_idx` (`municipio`),
  KEY `fk_tbl_usuarios_tbl_tipo_usuario1_idx` (`tipo_usuario`),
  CONSTRAINT `fk_tbl_usuarios_tbl_municipio1` FOREIGN KEY (`municipio`) REFERENCES `tblmunicipio` (`codigo`) ON DELETE NO ACTION ON UPDATE NO ACTION,
  CONSTRAINT `fk_tbl_usuarios_tbl_tipo_usuario1` FOREIGN KEY (`tipo_usuario`) REFERENCES `tbltipousuario` (`id`) ON DELETE NO ACTION ON UPDATE NO ACTION
) ENGINE=InnoDB DEFAULT CHARSET=utf8;
/*!40101 SET character_set_client = @saved_cs_client */;

--
-- Dumping data for table `tblusuario`
--

LOCK TABLES `tblusuario` WRITE;
/*!40000 ALTER TABLE `tblusuario` DISABLE KEYS */;
INSERT INTO `tblusuario` VALUES ('1001651967','uusuario2','dos','Carolina@gmail.com','55267384','Calle 35 # 27-41','111',1,'720',0),('1001651968','usuario3','tres','usuario3@gmail.com','3196200585','calle 35 # 29-40','111',2,'109',1),('1001651969','usuario5','cinco','usuario4@gmail.com','3137155567','Calle 85 # 49-70','111',3,'749',0),('40860586056','usuario4','apellido4','sfhs@ckjd.com','045860586','nñueva#22-45','111',NULL,'700',NULL),('4586058','usuario','uno','usuario1@hto.cao','69487979','CARRETERA A LOMA ALTA S/N.','111',NULL,'539',NULL);
/*!40000 ALTER TABLE `tblusuario` ENABLE KEYS */;
UNLOCK TABLES;
/*!40103 SET TIME_ZONE=@OLD_TIME_ZONE */;

/*!40101 SET SQL_MODE=@OLD_SQL_MODE */;
/*!40014 SET FOREIGN_KEY_CHECKS=@OLD_FOREIGN_KEY_CHECKS */;
/*!40014 SET UNIQUE_CHECKS=@OLD_UNIQUE_CHECKS */;
/*!40101 SET CHARACTER_SET_CLIENT=@OLD_CHARACTER_SET_CLIENT */;
/*!40101 SET CHARACTER_SET_RESULTS=@OLD_CHARACTER_SET_RESULTS */;
/*!40101 SET COLLATION_CONNECTION=@OLD_COLLATION_CONNECTION */;
/*!40111 SET SQL_NOTES=@OLD_SQL_NOTES */;

-- Dump completed on 2021-04-09 15:38:49
